hex,home_lng,home_lat,count

8a28308a0347fff,11.1004,60.1976,95
8a283092e65ffff,11.2004,60.4976,25
8a283082bd5ffff,-122.41381,37.78999,31
8a283092ea47fff,-122.40066,37.60222,26
8a28309466affff,-122.47906,37.70568,159
8a28308a831ffff,-122.25690,37.86703,403
